Timestamp,Age,Gender,What is your highest level of education?,Current status ,"If you are a student, what is your current or most recent field of study?",What career do you aspire to pursue?,Have you ever received any form of career guidance or counselling? ,"If yes, where did you receive this guidance?",What skills do you believe are most important for your desired career?,What areas do you feel you need the most guidance in?,What are the main challenges you face in pursuing your desired career? ,How do you currently access information about careers?,How would you prefer to receive career guidance?,How comfortable are you with using online platforms for career guidance?,How satisfied are you with the current level of career guidance available to you?,How important do you believe career guidance is for your future success?,What features would you find most useful in an AI-based career guidance system?,Do you have any concerns about using AI for career guidance? ,How likely are you to use an AI-based career guidance system if it were available?,What suggestions do you have for improving career guidance services in Uganda?,Are you planning to pursue further education or training?,Are you currently looking for a job or planning to start a job search soon? ,Are you considering starting your own business as a career option?  ,Do you have access to financial resources or scholarships to support your education or career goals? ,How much influence does your family have on your career choices?,"Do you have regular access to a smartphone, computer, or the internet?",,,
2024/09/03 1:43:06 PM GMT+3,23,Female,UACE certificate,Employed,Not a student,Mass communications ,Yes,School,Confidence,Further education,Funds,Internet,Online tools,Very comfortable,Neutral,Very important,Personalized recommendations;Skill assessment;Job matching,Data privacy,Neutral,,Yes,No,Yes,No,Some,Yes,Yes,Central Uganda,No
2024/09/09 1:48:00 PM GMT+3,21,Female,Bachelor’s degree,Student,Software Engineering,Developer,No,,Coding skills,Job search,Lack of information,Internet,Online tools,Very comfortable,Neutral,Important,Job matching,Access,Likely,The govt should provide more career guidance cunsolers,Maybe,Yes,No,Yes,None,Yes,,,
2024/09/11 8:11:12 AM GMT+3,22,Male,Bachelor’s degree,Unemployed,,Epidemiologist ,Maybe,School,Data management communication skills,Choosing a career,Lack of information,Internet,One-on-one counseling,Somewhat comfortable,Dissatisfied,Important,Personalized recommendations;Skill assessment;Job matching,Accuracy,Very likely,Career guidance sessions should be ask frequent as possible ,Yes,Yes,Yes,Not sure,None,Yes,,,
2024/09/11 8:43:30 AM GMT+3,22,Male,UACE certificate,Unemployed,,cyber security officer,Yes,School,"programming, pen testing ",Further education,Limited opportunities,Internet,Workshops,Somewhat comfortable,Neutral,Important,Personalized recommendations;Job matching,Data privacy,Neutral,Offering opportunities ,Yes,Yes,Maybe,No,Some,Yes,,,
2024/09/11 9:30:35 AM GMT+3,27,Male,Bachelor’s degree,Employed,,,No,,Computer literacy,Skill development,Limited opportunities,Internet,One-on-one counseling,Somewhat comfortable,Neutral,Very important,Skill assessment;Job matching,Data privacy;Accuracy,Likely,,Yes,Maybe,Yes,No,Some,Yes,,,
2024/09/11 9:41:14 AM GMT+3,23,Male,Bachelor’s degree,Unemployed,,Taxation ,Yes,Family,Accounting ,Skill development,Financial constraints,Internet,One-on-one counseling,Very comfortable,Neutral,Important,Personalized recommendations,Data privacy,Very likely,,Yes,Maybe,No,No,A lot,Yes,,,
2024/09/11 9:42:20 AM GMT+3,24,Male,Bachelor’s degree,Unemployed,,,No,,Practical skills not theoretical ,Skill development,Limited opportunities,Internet,One-on-one counseling,Somewhat comfortable,Dissatisfied,Very important,Job matching,Data privacy,Very likely,,Yes,Yes,Yes,No,None,Yes,,,
2024/09/11 11:26:29 AM GMT+3,22,Male,UACE certificate,Student,Year 3,IT Auditing,Yes,School,IT skills,Skill development,Lack of information,Family,Online tools,Very comfortable,Neutral,Very important,Personalized recommendations;Skill assessment;Job matching,Data privacy,Likely,,Yes,Yes,Yes,Not sure,A lot,Yes,,,
2024/09/11 11:37:18 AM GMT+3,19,Male,UCE certificate,Student,BCM/ICT combination ,Neurosurgery and Photography ,Maybe,School,Communication and perseverance ,Skill development,Limited opportunities,Teachers,One-on-one counseling,Very comfortable,Neutral,Very important,Personalized recommendations;Skill assessment;Job matching;Resource library,Data privacy;Accuracy;Access,Very likely,Carrying out surveys even to government sponsored schools and spreading information on how to contact the service providers ,Yes,Yes,Yes,Not sure,A lot,Sometimes,,,
2024/09/11 12:43:14 PM GMT+3,25,Male,Bachelor’s degree,Employed,,,Yes,School,Critical thinking and analytical skills,Skill development,Limited opportunities,Internet,One-on-one counseling,Very comfortable,Neutral,Very important,Job matching,Accuracy,Very likely,Career guidance should start as early as possible in the education system basing off of individuals particular talents or interests,Yes,No,Maybe,No,A lot,Yes,,,
2024/09/11 1:00:22 PM GMT+3,23,Male,Bachelor’s degree,Employed,Computer Science ,SWE,Yes,School,Coding ,Skill development,Limited opportunities,Internet,Online tools,Somewhat comfortable,Very satisfied,Very important,Personalized recommendations,Data privacy,Likely,,Yes,Maybe,Yes,Yes,A lot,Yes,,,
2024/09/11 1:09:23 PM GMT+3,21,Female,Bachelor’s degree,Student,oil and gas production ,oil and gas engineering ,Yes,School, oil and gas production engineering ,Skill development,Limited opportunities,Career counselors,Online tools,Very comfortable,Dissatisfied,Very important,Skill assessment,Accuracy,Neutral,online career guidance ,Yes,Yes,Yes,No,A lot,Yes,,,
2024/09/11 1:16:42 PM GMT+3,21,Female,Bachelor’s degree,Student,oil and gas production ,oil and gas engineering ,Yes,School,oil and gas production skills ,Skill development,Limited opportunities,Internet,Online tools,Very comfortable,Dissatisfied,Very important,Skill assessment,Accuracy,Neutral,online sessions  and work shop trainings ,Yes,Yes,Yes,Yes,A lot,Yes,,,
2024/09/11 2:14:59 PM GMT+3,22,Male,UACE certificate,Student,Dental surgery,Anything dentistry,Yes,Family,Manual Dexterity and communication skills,Further education,Financial constraints,Internet,One-on-one counseling,Somewhat comfortable,Neutral,Very important,Personalized recommendations,Data privacy,Likely,Offering more career guidance in schools,Yes,Yes,Yes,Yes,Some,Yes,,,
2024/09/11 2:23:29 PM GMT+3,23,Male,Bachelor’s degree,Employed,,,Maybe,School,Problem solving ,Further education,Lack of information,Internet,Online tools,Somewhat comfortable,Satisfied,Very important,Personalized recommendations;Skill assessment;Job matching,Accuracy,Likely,,Maybe,Maybe,Maybe,Not sure,None,Yes,,,
2024/09/13 8:12:53 AM GMT+3,23,Male,UACE certificate,Student,Bachelor of Science in Software Engineering,Software Developer,Yes,Online,Practical Skills,Skill development,Lack of information,Internet,One-on-one counseling,Very comfortable,Neutral,Very important,Personalized recommendations,Data privacy;Accuracy,Very likely,They should have rich content concerning the practical expectations of your desired career,Yes,Yes,Yes,No,None,Yes,,,
2024/09/13 9:00:55 PM GMT+3,22,Female,UACE certificate,Student,Medicine,Health personnel,Yes,School,Hands on,Skill development,Financial constraints,Internet,Workshops,Very comfortable,Neutral,Very important,Personalized recommendations;Skill assessment,Data privacy,Likely,Career guidance exposure at a young age,Yes,Yes,Maybe,Not sure,Some,Yes,,,
2024/09/15 9:22:39 AM GMT+3,21,Female,UACE certificate,Student,Nursing ,Medicine and surgery ,Yes,School,"Confidence , knowledge, critical and fast thinking , leadership, communication ",Skill development,Limited opportunities,Internet,Online tools,Very comfortable,Neutral,Very important,Skill assessment,Data privacy,Very likely,High schools should emphasise more on career guidance for both arts and science students ,Yes,Yes,No,No,Some,Yes,,,
2024/09/18 5:08:52 PM GMT+3,26,Male,Bachelor’s degree,Employed,,,Yes,Career guidance counselor,Leadership ,Skill development,Limited opportunities,Internet,Online tools,Very comfortable,Satisfied,Very important,Skill assessment,Data privacy;Accuracy,Very likely,Sourcing of funding,Yes,No,No,Yes,Some,Yes,,,
2024/09/22 3:36:14 PM GMT+3,22,Female,UACE certificate,Student,Law,Legal career,No,,"Communication, working with people, writing, listening ",Choosing a career,Lack of information,Family,Online tools,Somewhat comfortable,Dissatisfied,Very important,Personalized recommendations;Skill assessment;Job matching;Resource library,Data privacy;Accuracy,Likely,These services need to be offered in a very timely manner.,Yes,Maybe,Maybe,No,Some,Yes,,,
2024/09/22 3:49:39 PM GMT+3,22,Female,Bachelor’s degree,Unemployed,Economics ,Economist ,No,Online,Interpersonal and good speech skills,Job search,Limited opportunities,Internet,Online tools,Very comfortable,Neutral,Important,Job matching,Data privacy,Likely,,Yes,Yes,Maybe,No,A lot,Yes,,,
2024/09/22 4:26:16 PM GMT+3,24,Male,UCE certificate,Employed,,,Yes,Family,Phone repair ,Skill development,Limited opportunities,Internet,Online tools,Very comfortable,Very satisfied,Important,Personalized recommendations,Access,Neutral,,Maybe,Yes,Yes,No,Some,Yes,,,
2024/09/22 4:50:14 PM GMT+3,23,Female,Bachelor’s degree,Unemployed,Bachelor of Actuarial science ,Auditing ,Yes,School,"Data analysis skills, monitoring and evaluation ",Job search,Limited opportunities,Internet,One-on-one counseling,Somewhat comfortable,Dissatisfied,Neutral,Skill assessment,Accuracy,Neutral,Create more online platforms on career guidance ,Yes,Yes,No,No,A lot,Yes,,,
2024/09/22 5:01:01 PM GMT+3,23,Male,Bachelor’s degree,Employed,,,Yes,School,Quick thinking and decision making ,Choosing a career,Lack of information,Internet,Online tools,Very comfortable,Very satisfied,Very important,Personalized recommendations;Skill assessment;Job matching;Resource library,Data privacy;Accuracy,Very likely,,Yes,No,Yes,Yes,A lot,Yes,,,
2024/09/22 5:49:23 PM GMT+3,22,Male,UACE certificate,Student,Surveying ,Valuation Surveying ,Yes,Family,Effective communication ,Skill development,Limited opportunities,Teachers,One-on-one counseling,Somewhat comfortable,Dissatisfied,Very important,Job matching,Data privacy;Accuracy,Very likely,Employment of digital career guidance media,Yes,Yes,Maybe,Not sure,A lot,Yes,,,
2024/09/22 5:49:47 PM GMT+3,24,Male,Bachelor’s degree,Employed,IT,Money,No,,Hacking,Skill development,Limited opportunities,Internet,Online tools,Very comfortable,Neutral,Unimportant,Skill assessment,Accuracy,Not likely,,No,Maybe,Yes,No,None,Yes,,,
2024/09/22 6:09:11 PM GMT+3,22,Male,Bachelor’s degree,Employed,Computer Science ,Data Scientist ,Maybe,Family,Openness to continuous learning,Further education,Limited opportunities,Internet,Online tools,Very comfortable,Neutral,Very important,Personalized recommendations;Skill assessment,Accuracy;Access,Very likely,There should be a centralized repository containing up to date information on trending jobs,Yes,No,No,Not sure,Some,Yes,,,
2024/09/22 6:10:45 PM GMT+3,23,Male,Bachelor’s degree,Unemployed,Commerce,Auditing ,Yes,School,Accounting ,Job search,Limited opportunities,Internet,Online tools,Very comfortable,Satisfied,Neutral,Personalized recommendations,Data privacy,Likely,,Yes,Yes,Maybe,No,Some,Yes,,,
2024/09/22 6:20:23 PM GMT+3,24,Male,Bachelor’s degree,Student,Bachelor of science in software engineering ,Data science,Yes,Career guidance counselor,Data science,Skill development,Limited opportunities,Internet,Workshops,Very comfortable,Satisfied,Important,Skill assessment;Job matching;Resource library,Data privacy;Accuracy,Likely,Provide real time information ,Yes,Yes,Yes,Yes,Some,Yes,,,
2024/09/22 7:49:05 PM GMT+3,22,Female,Bachelor’s degree,Student,Petroleum production,Engineering ,Yes,School,Networking and softskills,Job search,Limited opportunities,Career counselors,Workshops,Somewhat comfortable,Satisfied,Very important,Job matching,Data privacy,Neutral,They should be easily accessible and affordable to everyone by everyone despite being in rural areas,Yes,Yes,Yes,Yes,A lot,Sometimes,,,
2024/09/22 10:19:55 PM GMT+3,32,Male,Bachelor’s degree,Employed,,NGO sector,Yes,Career guidance counselor,Communication skills,Further education,Financial constraints,Internet,Workshops,Somewhat comfortable,Satisfied,Very important,Skill assessment,Accuracy,Likely,,Yes,Maybe,Yes,No,Some,Yes,,,
2024/09/23 9:19:36 AM GMT+3,22,Male,UACE certificate,Employed,,,Yes,Career guidance counselor,Programing,Skill development,Financial constraints,Internet,Online tools,Very comfortable,Neutral,Very important,Personalized recommendations;Skill assessment;Job matching,Accuracy,Likely,,Yes,No,Yes,Yes,A lot,Yes,,,
2024/09/23 3:04:25 PM GMT+3,22,Female,Bachelor’s degree,Unemployed,Human Resource Management ,Human Resource manager ,No,,"Planning ,Organization ",Skill development,Limited opportunities,Family,Workshops,Somewhat comfortable,Dissatisfied,Important,Personalized recommendations;Skill assessment;Job matching,Data privacy;Accuracy,Likely,,Yes,Yes,Maybe,No,Some,Yes,,,
2024/09/23 3:15:29 PM GMT+3,21,Male,UACE certificate,Unemployed,,Writer,Maybe,Online,Literature ,Skill development,Financial constraints,Internet,One-on-one counseling,Very comfortable,Neutral,Important,Skill assessment,Data privacy,Neutral,,Yes,Yes,Yes,Not sure,None,Yes,,,
2024/09/23 3:23:16 PM GMT+3,24,Female,Bachelor’s degree,Employed,,,Yes,Career guidance counselor,Professionalism and Soft skills,Further education,Financial constraints,Internet,Workshops,Somewhat comfortable,Satisfied,Important,Personalized recommendations;Skill assessment;Job matching;Resource library,Data privacy,Likely,,Yes,Yes,Yes,Not sure,Some,Yes,,,
2024/09/23 3:43:50 PM GMT+3,24,Male,UACE certificate,Student,Bachelor's Degree,Youth related work.,Maybe,Career guidance counselor,"Efficient communicating, ",Choosing a career,Limited opportunities,Internet,One-on-one counseling,Somewhat comfortable,Neutral,Very important,Job matching,Accuracy,Likely,"Interest identification among the youth, ",Yes,Yes,Maybe,Not sure,Some,Yes,,,
2024/09/23 3:44:17 PM GMT+3,21,Female,Bachelor’s degree,Student,Bachelor of pharmacy ,Pharmacy ,Maybe,School,"Resourcefulness, social networking, ",Job search,Lack of information,Teachers,One-on-one counseling,Very comfortable,Dissatisfied,Very important,Personalized recommendations;Job matching,Accuracy,Very likely,Increase the availability of professional career guidance counselors ,Maybe,Yes,Maybe,No,Some,Yes,,,
2024/09/23 4:42:30 PM GMT+3,23,Male,Bachelor’s degree,Unemployed,,Project management ,No,,"Communication skills, problem solving skills, leadership skills, emotional intelligence ",Job search,Limited opportunities,Internet,One-on-one counseling,Very comfortable,Dissatisfied,Very important,Personalized recommendations;Skill assessment,Data privacy;Accuracy,Likely,It should be mandatory ,Yes,Yes,Yes,No,Some,Yes,,,
2024/09/23 5:08:38 PM GMT+3,22,Female,Bachelor’s degree,Unemployed,Software development,Data science,No,,"Python, sql",Further education,Financial constraints,Internet,Workshops,Very comfortable,Very dissatisfied,Very important,Personalized recommendations;Job matching;Resource library,Accuracy,Very likely,,Yes,Yes,Yes,No,A lot,Yes,,,
2024/09/23 5:27:46 PM GMT+3,30,Female,Bachelor’s degree,Employed,,,Yes,Career guidance counselor,Service delivery ,Skill development,Lack of information,Internet,One-on-one counseling,Very comfortable,Very satisfied,Very important,Skill assessment,Data privacy,Very likely,Awareness’,Yes,Yes,Yes,No,A lot,Yes,,,
2024/09/23 5:40:04 PM GMT+3,22,Male,Bachelor’s degree,Student,Aviation ,Aviation ,Yes,Online,Multitasking ,Choosing a career,Financial constraints,Internet,Online tools,Very comfortable,Satisfied,Important,Skill assessment;Resource library,Data privacy;Accuracy,Neutral,Capacity building of the those still building or hoping to build a career ,Yes,Maybe,Yes,Yes,Some,Yes,,,
2024/09/23 5:47:02 PM GMT+3,25,Male,Bachelor’s degree,Employed,,,Maybe,,Agility ,Skill development,Lack of information,Internet,One-on-one counseling,Somewhat comfortable,Satisfied,Important,Skill assessment,Data privacy,Likely,Should be carried out to the youths and given freedom to select their carriers,Yes,No,Yes,Yes,Some,Yes,,,
2024/09/23 5:54:29 PM GMT+3,24,Prefer not to say,Bachelor’s degree,Employed,,Lecturer,Maybe,School,Public speech and Research skills ,Further education,Financial constraints,Internet,Workshops,Very comfortable,Neutral,Very important,Job matching,Data privacy,Very likely,,Yes,Maybe,Maybe,No,A lot,Yes,,,
2024/09/23 6:12:18 PM GMT+3,25,Male,Bachelor’s degree,Employed,,Doctor,Yes,Family,Paying attention to detail and communication,Skill development,Financial constraints,Internet,One-on-one counseling,Very comfortable,Neutral,Important,Resource library,Data privacy,Likely,"Starting carrier guidance at an early stage through introducing and explaning to children what is required and done in the specific fields.
Skill building by including more practical sessions within schools.",Yes,Maybe,Yes,No,A lot,Yes,,,
2024/09/23 6:40:04 PM GMT+3,22,Female,Bachelor’s degree,Student,Architecture ,Architect urban planner ,Maybe,School,Use of software and creativity ,Further education,Limited opportunities,Internet,One-on-one counseling,Somewhat comfortable,Neutral,Important,Skill assessment;Job matching;Resource library,Accuracy,Likely,"Career guidance should have people from different professional have booths and inform students about the different possibilities in there career ,subjects that help ,opportunities etc",Maybe,Yes,Yes,No,Some,Yes,,,
2024/09/23 6:43:09 PM GMT+3,23,Female,Bachelor’s degree,Employed,,Accounting ,No,,Critical thinking and accuracy ,Skill development,Limited opportunities,Internet,One-on-one counseling,Very comfortable,Dissatisfied,Very important,Personalized recommendations;Skill assessment,Accuracy,Likely,Provide compulsory career guidance and counseling while still in school ,Yes,Yes,Yes,No,Some,Yes,,,
2024/09/23 8:02:50 PM GMT+3,22,Male,UACE certificate,Unemployed,Software engineering ,Money maker,No,,"Interpersonal relations, communication skills ",Skill development,Lack of information,Internet,One-on-one counseling,Somewhat comfortable,Dissatisfied,Neutral,Personalized recommendations;Skill assessment;Job matching,Data privacy;Accuracy,Likely,,Yes,Maybe,Maybe,Yes,Some,Yes,,,
2024/09/23 8:15:41 PM GMT+3,26,Male,Bachelor’s degree,Employed,,,Yes,School,Computer skills,Skill development,Financial constraints,Internet,One-on-one counseling,Very comfortable,Dissatisfied,Very important,Personalized recommendations;Skill assessment;Job matching,Data privacy;Accuracy,Very likely,,Yes,No,Yes,No,Some,Yes,,,
2024/09/23 10:10:58 PM GMT+3,22,Female,Bachelor’s degree,Unemployed,Information Systems and Technology ,Software development ,Yes,Family,Good programming knowledge and experience ,Choosing a career,Lack of information,Internet,Online tools,Very comfortable,Neutral,Very important,Personalized recommendations;Skill assessment;Job matching,Accuracy,Likely,,Yes,Yes,Maybe,Not sure,Some,Yes,,,
2024/09/23 11:31:55 PM GMT+3,23,Female,UACE certificate,Student,Agriculture ,Agriculture ,Yes,Online,Flexibility ,Skill development,Financial constraints,Internet,One-on-one counseling,Very comfortable,Neutral,Very important,Skill assessment,Data privacy,Likely,More one on one sessions ,Yes,Yes,Yes,Yes,A lot,Yes,,,
2024/09/24 7:24:41 AM GMT+3,26,Male,Bachelor’s degree,Employed,Software engineering,Software project management,Yes,School,"Problem solving, research and analytical skills",Skill development,Limited opportunities,Family,One-on-one counseling,Very comfortable,Neutral,Very important,Personalized recommendations,Accuracy,Very likely,Probably the information could be packaged in such a way that intrigues the young people across the platforms they frequently use,Yes,Maybe,Yes,No,Some,Yes,,,
2024/09/24 11:50:33 AM GMT+3,24,Male,UACE certificate,Student,Arduino,Business ,Yes,School,Communication ,Choosing a career,Financial constraints,Internet,Online tools,Very comfortable,Neutral,Very important,Job matching,Accuracy,Very likely,,Yes,Yes,Yes,Yes,Some,Yes,,,
2024/09/24 12:04:35 PM GMT+3,23,Female,Bachelor’s degree,Unemployed,,Statistician ,No,,Data analysis ,Job search,Limited opportunities,Family,Online tools,Very comfortable,Neutral,Very important,Personalized recommendations,Data privacy,Very likely,I think they shud provide them via internet regularly,Yes,Yes,Yes,No,Some,Yes,,,
2024/09/24 12:42:51 PM GMT+3,22,Female,UACE certificate,Student,ICT,Data Analyst ,Yes,Family,decision making,Skill development,Financial constraints,Internet,One-on-one counseling,Somewhat comfortable,Dissatisfied,Important,Skill assessment;Job matching,Data privacy;Accuracy,Neutral,A chance to gain experience ,No,Yes,Maybe,No,A lot,Yes,,,
2024/09/24 2:41:42 PM GMT+3,23,Male,Bachelor’s degree,Employed,Bachelor of science in sports and leisure management,Sport administration,Yes,School,"Leadership, decision making and problem solving",Further education,Financial constraints,Internet,One-on-one counseling,Somewhat comfortable,Neutral,Very important,Skill assessment;Job matching;Resource library,Data privacy;Accuracy,Likely,Extend accurate services close to the people,Yes,No,No,No,None,Yes,,,
2024/09/24 4:27:13 PM GMT+3,22,Female,Bachelor’s degree,Student,LLB,LAWYER ,Yes,School,communication ,Job search,Limited opportunities,Teachers,One-on-one counseling,Very comfortable,Satisfied,Important,Job matching,Accuracy,Likely,improve ,Yes,Yes,Yes,No,A lot,Yes,,,
2024/09/24 9:21:06 PM GMT+3,23,Male,Bachelor’s degree,Unemployed,,Marketing ,Yes,School,Aggressiveness,Skill development,Limited opportunities,Internet,One-on-one counseling,Very comfortable,Satisfied,Very important,Personalized recommendations,Data privacy,Likely,Reach the grass roots,Maybe,Yes,Maybe,No,A lot,Yes,,,
2024/09/24 10:38:12 PM GMT+3,22,Female,Bachelor’s degree,Employed,Bscs,Data analyst,Yes,School,Soft skills ie the skill itself and then stuff like communicating public speaking ,Further education,Lack of information,Career counselors,One-on-one counseling,Somewhat comfortable,Neutral,Very important,Personalized recommendations;Skill assessment;Job matching;Resource library,Accuracy,Not likely,More career fairs,Yes,No,No,No,A lot,Yes,,,
2024/09/24 11:00:09 PM GMT+3,21,Female,Bachelor’s degree,Employed,Information Technology ,Software development ,Yes,Online,Consistency ,Skill development,Lack of information,Internet,Online tools,Very comfortable,Neutral,Very important,Skill assessment,Accuracy,Very likely,Providing free internet connection ,Yes,No,Yes,No,Some,Sometimes,,,
2024/09/24 11:37:20 PM GMT+3,25,Male,Bachelor’s degree,Employed,Acca,Musician,Yes,Career guidance counselor,Guitar and saxophone skills,Skill development,Lack of information,Internet,One-on-one counseling,Somewhat comfortable,Neutral,Very important,Resource library,Accuracy,Neutral,They should be part of school curriculum amd accessible in all schools ie Career guidance experts,Yes,No,Yes,No,A lot,Yes,,,
2024/09/24 11:52:43 PM GMT+3,20,Male,UACE certificate,Student,Accounting and Finance ,Bank manager ,Maybe,School,Mathematics ,Choosing a career,Lack of information,Internet,Online tools,Very comfortable,Neutral,Very important,Skill assessment;Job matching,Data privacy;Accuracy,Very likely,Create more job opportunities for the youth,Maybe,Yes,Maybe,Yes,Some,Yes,,,
2024/09/25 1:46:06 AM GMT+3,22,Female,UACE certificate,Student,Law,Law,Yes,School,Connections ,Job search,Limited opportunities,Internet,One-on-one counseling,Somewhat comfortable,Dissatisfied,Important,Job matching,Data privacy,Likely,Schools should teach skills ,Yes,Maybe,Maybe,Yes,Some,Yes,,,
2024/09/25 5:39:04 AM GMT+3,22,Female,Bachelor’s degree,Unemployed,,Human resource manager,Yes,School,Team work,Job search,Financial constraints,Internet,One-on-one counseling,Very comfortable,Dissatisfied,Very important,Job matching,Accuracy,Very likely,Old people should accept and resign ,Yes,Yes,Yes,No,None,Yes,,,
2024/09/25 7:55:06 AM GMT+3,22,Female,UACE certificate,Student,Applied Psychology ,Psychology and Business ,Yes,Family,Empathy ,Skill development,None,Teachers,One-on-one counseling,Somewhat comfortable,Satisfied,Very important,Personalized recommendations;Skill assessment;Resource library,Accuracy,Neutral,Raising awareness about career guidance! Most people don’t know that they have access to it,Yes,Yes,Yes,Yes,Some,Yes,,,
2024/09/25 9:48:51 AM GMT+3,22,Female,UACE certificate,Employed,Health science,Care gover,Yes,School,Commitment and patience,Skill development,Financial constraints,Internet,Workshops,Very comfortable,Very satisfied,Very important,Job matching,Data privacy,Very likely,Commitment and mentality shift,Yes,Yes,No,No,A lot,Yes,,,
2024/09/25 1:36:08 PM GMT+3,21,Female,Bachelor’s degree,Student,Engineering ,Engineering ,Maybe,School,Fast thinking and coming up with technical solutions to technical problems ,Skill development,Lack of information,Internet,Workshops,Somewhat comfortable,Neutral,Very important,Personalized recommendations;Skill assessment,Accuracy;Access,Not likely,,Maybe,Maybe,Maybe,Not sure,Some,Yes,,,
2024/09/25 4:57:30 PM GMT+3,21,Male,UACE certificate,Student,University ,IT personnel ,Yes,School,Information technology ,Skill development,Limited opportunities,Internet,One-on-one counseling,Somewhat comfortable,Neutral,Important,Resource library,Accuracy,Not likely,Provision of more physical career training classes ,No,No,Yes,No,Some,Yes,,,
2024/09/25 5:15:22 PM GMT+3,21,Female,Bachelor’s degree,Employed,,,Yes,Career guidance counselor,Hands on skills because my course of study and line of work is based on hands on skills.,Further education,Financial constraints,Career counselors,One-on-one counseling,Very comfortable,Neutral,Very important,Personalized recommendations,Data privacy;Accuracy,Very likely,"Experienced career guidance counselors.
",Yes,No,No,No,None,Yes,,,
2024/09/25 8:45:50 PM GMT+3,30,Male,Bachelor’s degree,Unemployed,,Business enterprise ,No,,Communication skills ,Skill development,Limited opportunities,Internet,One-on-one counseling,Very comfortable,Dissatisfied,Neutral,Skill assessment,Accuracy,Very likely,,Yes,Maybe,Yes,No,Some,Yes,,,
2024/09/25 8:50:36 PM GMT+3,22,Male,Bachelor’s degree,Student,Engineering ,Engineer ,Maybe,Family,Interpersonal ,Job search,Limited opportunities,Internet,Online tools,Somewhat comfortable,Satisfied,Important,Personalized recommendations;Skill assessment,Data privacy;Access,Likely,,Yes,Yes,Yes,No,Some,Yes,,,
2024/09/25 9:16:10 PM GMT+3,22,Female,UACE certificate,Student,Oil and gas production ,Health and safety officer ,Yes,School,"Knowledge about risks and Hazards 
Quick decision making 
Quick thinking ",Skill development,Financial constraints,Teachers,Workshops,Somewhat comfortable,Neutral,Very important,Personalized recommendations,Accuracy,Likely,Sensitisation with in schools starting from primary levels,Yes,Maybe,Yes,No,Some,Sometimes,,,
2024/10/01 11:14:34 AM GMT+3,22,Male,Bachelor’s degree,Student,Language,Bioinformatics ,No,,Novelity ,Skill development,Lack of information,Family,Workshops,Very comfortable,Very dissatisfied,Very important,Personalized recommendations,Data privacy,Very likely,Workshops are important. ,Yes,No,No,Yes,A lot,Yes,,,
2024/10/02 8:09:22 AM GMT+3,22,Female,Bachelor’s degree,Unemployed,Bachelor of Science in Industrial Chemistry ,Psychology or Accounting ,Yes,School,"Communication skills 
Analytical skills ",Job search,Lack of information,Internet,One-on-one counseling,Very comfortable,Neutral,Very important,Skill assessment,Data privacy,Very likely,"Getting to tell children while they are still young 
And continuing to create a way for them since just talk doesn't help totally ",Yes,Yes,Maybe,No,A lot,Yes,,,
2024/10/02 8:10:57 AM GMT+3,21,Female,UACE certificate,Student,,Forensic Sciences,Yes,School,Great attention to detail ,Skill development,Lack of information,Internet,Online tools,Very comfortable,Satisfied,Very important,Personalized recommendations;Skill assessment,Data privacy;Accuracy,Neutral,For them to be diversified ,Yes,No,Maybe,Yes,A lot,Yes,,,
2024/10/02 8:14:51 AM GMT+3,21,Female,UACE certificate,Student,Engineering ,,Yes,School,Self awareness ,Skill development,Lack of information,Internet,Workshops,Somewhat comfortable,Neutral,Important,Personalized recommendations;Skill assessment;Job matching;Resource library,Data privacy,Likely,,Yes,Yes,Yes,Yes,Some,Yes,,,
2024/10/02 8:14:53 AM GMT+3,22,Male,UACE certificate,Student,Biomedical engineering ,Biomedical engineering ,Yes,Family,"Technical prowess in electrical components, research, writing, communication ",Choosing a career,Lack of information,Internet,Online tools,Very comfortable,Dissatisfied,Very important,Skill assessment;Job matching;Resource library,Accuracy,Very likely,There should be an improvement in online resources that shows the different careers being pursued by different people and break them down or the paths to those achievements ,Yes,Yes,Yes,Not sure,A lot,Yes,,,
2024/10/02 8:15:56 AM GMT+3,23,Male,Bachelor’s degree,Employed,,DevOps systems administration ,Yes,School,"Linux sys administration, cyber knowledge, scripting, DNS.",Skill development,Lack of information,Internet,One-on-one counseling,Very comfortable,Very satisfied,Very important,Personalized recommendations;Skill assessment;Job matching;Resource library,Data privacy;Accuracy;Access,Neutral,Encourage doing seminars. ,Yes,Yes,Yes,Yes,A lot,Yes,,,
2024/10/02 8:17:29 AM GMT+3,22,Male,UACE certificate,Employed,Software Engineering,Software developer,Yes,Online,Being able to learn quickly and have the fundamentals down,Choosing a career,Lack of information,Internet,One-on-one counseling,Somewhat comfortable,Neutral,Very important,Personalized recommendations;Skill assessment;Job matching;Resource library,Accuracy,Very likely,"Having a better understanding of the job market in Uganda, what’s influencing it and how to get one’s way around it with the current resources available",Yes,No,Yes,Not sure,Some,Yes,,,
2024/10/02 8:17:42 AM GMT+3,21,Male,UACE certificate,Student,Software engineering ,Making money ,Yes,Family,"Programming, communication skills, teamwork ",Skill development,Limited opportunities,Internet,One-on-one counseling,Somewhat comfortable,Neutral,Important,Personalized recommendations;Skill assessment;Job matching,Data privacy;Accuracy,Likely,,Yes,Yes,Maybe,Yes,Some,Yes,,,
2024/10/02 8:18:09 AM GMT+3,22,Male,UACE certificate,Unemployed,Bsc Mechanical Engineering ,Control systems engineering ,Yes,Family,Analytical skills ,Choosing a career,Limited opportunities,Internet,One-on-one counseling,Somewhat comfortable,Neutral,Neutral,Job matching;Resource library,Data privacy;Accuracy,Neutral,,Maybe,Yes,Yes,No,Some,Yes,,,
2024/10/02 8:19:32 AM GMT+3,21,Female,Bachelor’s degree,Student,Engineering ,Protection engineer ,Yes,School,Technical skills ,Further education,Limited opportunities,Internet,Online tools,Somewhat comfortable,Neutral,Important,Skill assessment;Job matching,Data privacy,Very likely,Encourage more start up companies,Yes,No,No,Not sure,A lot,Yes,,,
2024/10/02 8:20:41 AM GMT+3,21,Female,UCE certificate,Student,Nursing ,Pediatric nursing ,No,,Discipline and confidence ,Skill development,Financial constraints,Internet,Online tools,Very comfortable,Satisfied,Very important,Job matching,Access,Likely,I don’t know yet,Yes,No,Yes,No,None,Yes,,,
2024/10/02 8:21:47 AM GMT+3,22,Male,UACE certificate,Student,Architecture ,Architecture ,Yes,School,Creative art,Choosing a career,Financial constraints,Internet,One-on-one counseling,Not comfortable,Neutral,Very important,Personalized recommendations,Accuracy,Neutral,We have to be groomed from a tender age.. and we have to start our careers very early in school,Yes,Yes,Yes,No,Some,Yes,,,
2024/10/02 8:21:53 AM GMT+3,23,Female,Bachelor’s degree,Student,Architecture ,Architecture ,Yes,School,Drawing skills ,Skill development,Limited opportunities,Internet,Online tools,Somewhat comfortable,Neutral,Very important,Skill assessment,Data privacy,Likely,,Yes,Yes,No,No,Some,Yes,,,
2024/10/02 8:23:19 AM GMT+3,23,Female,Bachelor’s degree,Student,Business Administration ,International Business ,Yes,School,"Hardworking,commitment and dedication ",Job search,Job search,Teachers,Workshops,Very comfortable,Very satisfied,Very important,Job matching,Accuracy,Very likely,Creating more job opportunities ,Yes,Yes,Yes,Yes,A lot,Yes,,,
2024/10/02 8:23:43 AM GMT+3,27,Male,Bachelor’s degree,Employed,,,Yes,School,Analytical skills ,Further education,Financial constraints,Internet,One-on-one counseling,Somewhat comfortable,Neutral,Important,Skill assessment,Access,Very likely,,Yes,No,Yes,No,Some,Yes,,,
2024/10/02 8:25:04 AM GMT+3,22,Female,UACE certificate,Student,Law,Law,Yes,School,"Problem solving, communication.",Further education,Limited opportunities,Teachers,Workshops,Somewhat comfortable,Dissatisfied,Very important,Personalized recommendations,Data privacy,Likely,It should start earlier,Yes,Yes,Yes,Not sure,Some,Yes,,,
2024/10/02 8:27:21 AM GMT+3,21,Female,Bachelor’s degree,Student,,Honestly i dont know ,Maybe,School,Am not sure,Choosing a career,Lack of information,Family,One-on-one counseling,Somewhat comfortable,Neutral,Very important,Personalized recommendations,Access,Neutral,Providing more information I think ,Yes,Yes,Yes,Not sure,A lot,Yes,,,
2024/10/02 8:30:22 AM GMT+3,23,Male,UACE certificate,Student,Software engineering ,Blockchain developer ,Yes,Career guidance counselor,Programming and stocks trading ,Skill development,Financial constraints,Internet,Online tools,Very comfortable,Neutral,Very important,Skill assessment;Job matching,Data privacy;Accuracy,Very likely,Awareness to people that's more important ,Yes,Yes,Yes,No,A lot,Yes,,,
2024/10/02 8:32:38 AM GMT+3,22,Male,UACE certificate,Student,Bachelor of Science in Software Engineering ,Big Data analytics ,No,,Efficiency in technical skills and communication skills ,Skill development,Limited opportunities,Internet,One-on-one counseling,Somewhat comfortable,Dissatisfied,Very important,Personalized recommendations;Skill assessment;Job matching;Resource library,Data privacy;Accuracy,Likely,Holding more career guidance meetings especially in high schools ,Yes,Maybe,Maybe,Yes,A lot,Yes,,,
2024/10/02 8:33:52 AM GMT+3,18-22,Male,UACE certificate,Student,Engineering ,Design engineering ,Yes,Career guidance counselor,Critical thinking and creativity ,Skill development,Lack of information,Internet,Workshops,Very comfortable,Very satisfied,Very important,Personalized recommendations;Resource library,Accuracy,Very likely,They should be able to connect me to a job,Yes,No,Yes,Yes,Some,Yes,,,
2024/10/02 8:38:56 AM GMT+3,29-35,Male,Bachelor’s degree,Employed,,,Yes,School,Data Analytics,Further education,Limited opportunities,Internet,Workshops,Somewhat comfortable,Neutral,Very important,Personalized recommendations;Skill assessment;Job matching,Data privacy;Accuracy,Likely,Should be more skill centred than academic centred ,Yes,Yes,Yes,Yes,A lot,Yes,,,
2024/10/02 8:41:21 AM GMT+3,23-28,Male,Bachelor’s degree,Student,Mechanical Engineering ,Engineering & software related,Yes,School,Innovative skill and high level of competence in software and business management ,Further education,Financial constraints,Internet,Online tools,Very comfortable,Satisfied,Very important,Personalized recommendations;Job matching;Resource library,Data privacy,Very likely,More Government companies should reach out to students to let them know how helpful they can be. For example Uganda Industrial Research Institute is key to students of Software eng. Mechanical eng. and many other fields given the resources that the Institute has to offer. ,Yes,Yes,Yes,Yes,A lot,Yes,,,
2024/10/02 8:43:14 AM GMT+3,18-22,Male,UACE certificate,Student,Engineering,Civil engineer ,Yes,Family,Communication skills as well as project management ,Skill development,Lack of information,Family,Online tools,Somewhat comfortable,Satisfied,Important,Skill assessment;Job matching,Data privacy,Neutral,Information is key,Yes,Yes,Yes,Yes,Some,Yes,,,
2024/10/02 8:44:44 AM GMT+3,23-28,Male,Bachelor’s degree,Employed,Bioinformatics ,Data Science ,Yes,School,Data analysis ,Skill development,Financial constraints,Internet,One-on-one counseling,Somewhat comfortable,Dissatisfied,Very important,Personalized recommendations;Skill assessment;Job matching;Resource library,Data privacy,Likely,It's importance should be emphasized at every level of leadership and society. ,Yes,No,Yes,No,None,Yes,,,
2024/10/02 8:44:48 AM GMT+3,18-22,Male,Bachelor’s degree,Student,Information Technology ,Software engineer ,Yes,School,Programming,Skill development,Limited opportunities,Internet,One-on-one counseling,Not comfortable,Dissatisfied,Very important,Personalized recommendations;Skill assessment;Job matching;Resource library,Accuracy;Access,Very likely,Educating people about the importance of career guidance.,Maybe,Yes,Yes,No,A lot,Sometimes,,,
2024/10/02 8:45:02 AM GMT+3,23-28,Male,Bachelor’s degree,Employed,Mathematics and optimisation ,Finance ,Yes,Family,Computer skills ,Job search,Financial constraints,Internet,One-on-one counseling,Very comfortable,Neutral,Very important,Skill assessment,Access,Very likely,,Yes,Yes,Yes,No,A lot,Yes,,,
2024/10/02 8:47:13 AM GMT+3,23-28,Female,Bachelor’s degree,Student,The Law,Writing ,Yes,School,Communication ,Skill development,Limited opportunities,Internet,Workshops,Somewhat comfortable,Neutral,Very important,Personalized recommendations;Skill assessment;Resource library,Data privacy;Access,Likely,,Yes,Maybe,Yes,Yes,A lot,Yes,,,
2024/10/02 8:47:26 AM GMT+3,23-28,Male,Bachelor’s degree,Employed,Computing ,Game developer ,Yes,Career guidance counselor,Computer literature ,Job search,Limited opportunities,Internet,Online tools,Very comfortable,Neutral,Very important,Personalized recommendations;Skill assessment;Job matching,Data privacy,Likely,Tailor the guidance to thr passion of the person,No,Maybe,Yes,No,A lot,Yes,,,
2024/10/02 8:48:04 AM GMT+3,18-22,Female,UACE certificate,Student,Law,Judicial officer,Yes,School,Confidence ,Skill development,Limited opportunities,Internet,Workshops,Somewhat comfortable,Neutral,Important,Resource library,Data privacy,Likely,More workshops ,Yes,No,Maybe,Yes,A lot,Yes,,,
2024/10/02 8:48:47 AM GMT+3,23-28,Male,Bachelor’s degree,Employed,Software Engineer,Software Engineering,Yes,School,Programming and analytical thinking,Skill development,Lack of information,Internet,One-on-one counseling,Very comfortable,Very satisfied,Very important,Personalized recommendations;Skill assessment;Job matching,Accuracy,Neutral,,Yes,No,Yes,Yes,A lot,Yes,,,
2024/10/02 8:55:03 AM GMT+3,23-28,Male,Bachelor’s degree,Student,Quantitative Economics,Researcher & Analyst,Yes,Family,Data Analysis,Skill development,Limited opportunities,Internet,Online tools,Very comfortable,Neutral,Very important,Personalized recommendations;Skill assessment;Resource library,Data privacy;Access,Very likely,It should start at an early age.,Yes,Yes,No,Yes,Some,Yes,,,
2024/10/02 8:57:35 AM GMT+3,18-22,Female,Bachelor’s degree,Student,THE HOTEL,FRONT OFFICE,Maybe,School,RECORD KEEPING ,Skill development,PARTICULAR PEOPLE ATTAIN THIS INFORMATION AND NOT OTHERS,Teachers,Workshops,Somewhat comfortable,Very dissatisfied,Very important,Job matching,Access,Neutral,MORE WORKSHOPS SHOULD BE ORGANIZED HONESTLY,Maybe,Yes,Yes,Yes,Some,Yes,,,
2024/10/02 9:00:00 AM GMT+3,23-28,Male,Bachelor’s degree,Employed,Real Estate ,Real estate developer,Yes,School,Sales ,Skill development,Financial constraints,Internet,Online tools,Very comfortable,Satisfied,Very important,Personalized recommendations,Data privacy,Likely,High priority should be focused on making it very accessible to everyone including those without Internet access ,Yes,No,Yes,No,Some,Yes,,,
2024/10/02 9:00:39 AM GMT+3,18-22,Female,Bachelor’s degree,Employed,Hospitality,,Yes,School,Interpersonal skills,Skill development,Lack of information,Internet,Workshops,Somewhat comfortable,Neutral,Very important,Resource library,Accuracy,Likely,Guidance should be offered when people are still young. It's more helpful then.,Yes,No,Maybe,No,Some,Yes,,,
2024/10/02 9:01:54 AM GMT+3,18-22,Male,Bachelor’s degree,Employed,Software engineering,Software engineer ,Yes,School,Communication,Skill development,Lack of information,Internet,Online tools,Very comfortable,Satisfied,Important,Personalized recommendations;Skill assessment;Job matching,Data privacy,Likely,,Maybe,No,No,Yes,Some,Yes,,,
2024/10/02 9:03:44 AM GMT+3,23-28,Female,Bachelor’s degree,Employed,,,Yes,Career guidance counselor,Accuracy ,Choosing a career,Financial constraints,Internet,Workshops,Very comfortable,Satisfied,Very important,Skill assessment,Access,Very likely,Creating more awareness ,Yes,No,Yes,No,A lot,Yes,,,
2024/10/02 9:08:32 AM GMT+3,23-28,Female,Bachelor’s degree,Employed,,,No,Family,Legal skills,Choosing a career,Lack of information,Internet,Online tools,Very comfortable,Neutral,Very important,Personalized recommendations,Data privacy,Very likely,,Yes,Maybe,No,No,A lot,Yes,,,
2024/10/02 9:17:49 AM GMT+3,18-22,Female,Bachelor’s degree,Unemployed,,Professional Accountant,Yes,Family,Mathematical skills,Choosing a career,Financial constraints,Internet,Workshops,Very comfortable,Satisfied,Important,Job matching,Accuracy,Neutral,,Yes,Yes,Yes,No,Some,Yes,,,
2024/10/02 9:20:17 AM GMT+3,18-22,Male,Bachelor’s degree,Unemployed,Bachelor of Commerce ,Financial analysis ,Yes,School,"Maths, accounting, observation",Skill development,Lack of clarity ,Internet,Online tools,Somewhat comfortable,Neutral,Important,Personalized recommendations;Skill assessment;Resource library,Data privacy,Neutral,Diversify,Maybe,Maybe,Maybe,Yes,Some,Yes,,,
2024/10/02 9:24:39 AM GMT+3,23-28,Female,Bachelor’s degree,Employed,,,Yes,School,"Leadership skills 
",Further education,Financial constraints,Internet,One-on-one counseling,Very comfortable,Satisfied,Very important,Personalized recommendations;Skill assessment;Job matching;Resource library,Data privacy;Accuracy,Very likely,,Yes,No,Yes,No,Some,Yes,,,
2024/10/02 9:33:53 AM GMT+3,23-28,Female,Bachelor’s degree,Student,Post Graduate Diploma in Legal Practice ,Legal career ,Yes,School,"Impeccable interpersonal skills to build relationships with clients and colleagues. Adaptability to varying degrees of stressful situations.
The ability to think on your feet.
Excellent research and writing skills.",Further education,Limited opportunities,Internet,One-on-one counseling,Somewhat comfortable,Neutral,Very important,Personalized recommendations,Data privacy,Likely,Accessibility to all regardless of whether it is online or by a designated counselor. Everyone should be able to access the services. ,Yes,Yes,Yes,Yes,Some,Yes,,,
2024/10/02 9:35:31 AM GMT+3,23-28,Male,Bachelor’s degree,Employed,Accounting and finance,Accountant,Yes,School,Operating accounting systems,Skill development,Limited opportunities,Internet,One-on-one counseling,Somewhat comfortable,Neutral,Important,Personalized recommendations;Skill assessment,Access,Likely,,Yes,No,Yes,No,Some,Yes,,,
2024/10/02 9:41:47 AM GMT+3,18-22,Male,UACE certificate,Student,Law ,Judicial officer ,Yes,Family,Oratory and research skills ,Further education,Limited opportunities,Teachers,One-on-one counseling,Not comfortable,Satisfied,Very important,Personalized recommendations,Data privacy;Accuracy,Likely,"Peer to peer counseling should be done rather than peer to mentor, sometimes you have to hear the side of an upperclassman rather than a lecturer ",Yes,Yes,Yes,No,A lot,Yes,,,
2024/10/02 9:42:14 AM GMT+3,18-22,Female,Bachelor’s degree,Unemployed,,,Yes,School,IT skills ,Choosing a career,Lack of information,Internet,Online tools,Very comfortable,Neutral,Very important,Personalized recommendations;Skill assessment;Job matching;Resource library,Data privacy;Accuracy;Access,Very likely,,Yes,Yes,Yes,No,A lot,Yes,,,
2024/10/02 9:45:01 AM GMT+3,29-35,Female,Bachelor’s degree,Employed,,,Yes,School,Technical skills ,Further education,Limited opportunities,Internet,Workshops,Very comfortable,Neutral,Very important,Skill assessment;Job matching,Accuracy,Very likely,Carre guidance should be done often as there is a mindset shift every now and then.,Yes,No,Maybe,Not sure,Some,Yes,,,
2024/10/02 9:54:27 AM GMT+3,18-22,Female,Bachelor’s degree,Unemployed,Computer science ,Network Engineer ,Maybe,School,Cisco networking skills,Further education,Limited opportunities,Family,One-on-one counseling,Somewhat comfortable,Neutral,Important,Personalized recommendations;Skill assessment;Job matching,Data privacy,Likely,,Yes,Yes,No,No,None,Yes,,,
2024/10/02 9:54:51 AM GMT+3,23-28,Female,Bachelor’s degree,Employed,,,Yes,Family,Technical skills ,Skill development,Financial constraints,Internet,One-on-one counseling,Somewhat comfortable,Neutral,Very important,Skill assessment,Data privacy,Likely,Improving technology ,Yes,No,Yes,No,None,Yes,,,
2024/10/02 9:55:22 AM GMT+3,18-22,Female,Bachelor’s degree,Employed,Statistics,Business management,Yes,Online,Mathematical skills,Skill development,Financial constraints,Internet,Online tools,Somewhat comfortable,Neutral,Very important,Personalized recommendations,Data privacy,Very likely,Provide more physical guidance services,Yes,No,Yes,No,A lot,Yes,,,
2024/10/02 9:55:51 AM GMT+3,23-28,Male,Bachelor’s degree,Employed,Software Engineering,Data Scientist,Yes,Online,"critical thinking, creativity, attention to detail",Further education,Lack of information,Internet,One-on-one counseling,Somewhat comfortable,Neutral,Very important,Personalized recommendations;Skill assessment;Job matching,Accuracy,Likely,,Yes,No,No,No,Some,Yes,,,
2024/10/02 9:56:50 AM GMT+3,18-22,Female,Bachelor’s degree,Student,Software engineering ,Something in tech ,Yes,Family,Coding skills ,Skill development,Lack of information,Family,One-on-one counseling,Very comfortable,Dissatisfied,Very important,Personalized recommendations;Skill assessment;Job matching,Data privacy;Accuracy,Likely,Spreading Awareness of availability ,Yes,Yes,Maybe,Not sure,Some,Yes,,,
2024/10/02 9:57:32 AM GMT+3,18-22,Female,Bachelor’s degree,Employed,Computer Science,Refer to previous,Yes,School,Communication,Skill development,Lack of information,Internet,Workshops,Very comfortable,Neutral,Very important,Personalized recommendations,Data privacy,Neutral,,Yes,No,No,No,Some,Yes,,,
2024/10/02 10:16:26 AM GMT+3,18-22,Male,UACE certificate,Student,"Java, Rust, MoonBit and AI",Software engineer and crypto trader,Yes,School,Coding and market analysis,Job search;Further education;Skill development,Lack of information;Financial constraints;Limited opportunities,Family;Internet;Teachers,Online tools,Very comfortable,Satisfied,Important,Personalized recommendations;Skill assessment;Job matching;Resource library,Data privacy;Accuracy,Neutral,,Maybe,Maybe,Yes,Not sure,None,Yes,,,
2024/10/02 10:24:01 AM GMT+3,23-28,Female,Bachelor’s degree,Employed,,,Yes,School,Accounting skills ,Skill development,Limited opportunities,Internet,One-on-one counseling,Very comfortable,Very satisfied,Very important,Skill assessment,Data privacy;,Very likely,More computers,Yes,Yes,Yes,No,A lot,Yes,,,
2024/10/02 10:29:02 AM GMT+3,18-22,Male,UACE certificate,Employed,Stat and math,Film,Yes,Family,Creativity ,Skill development,Lack of information,Internet,Workshops,Somewhat comfortable,Neutral,Very important,Resource library,It goes evil and the Terminator Apocalypse begins.,Very likely,Better Education ,Yes,Yes,Yes,Yes,A lot,Yes,,,
2024/10/02 10:47:52 AM GMT+3,23-28,Male,Bachelor’s degree,Unemployed,,,Maybe,Online,Job search,Choosing a career;Job search,Financial constraints;Limited opportunities,Internet,Online tools,Very comfortable,Neutral,Important,Skill assessment;Job matching,Data privacy,Likely,,No,Yes,Yes,No,A lot,Yes,,,
2024/10/02 10:48:30 AM GMT+3,23-28,Female,Bachelor’s degree,Employed,,,Yes,School,Communication and managerial skills,Skill development,Financial constraints,Internet,Online tools,Very comfortable,Satisfied,Very important,Personalized recommendations;Skill assessment;Resource library,Data privacy,Very likely,"Career guidance services should start at a very early age for children, focusing on skill development and not necessarily on career paths. Later on, their interests can be identified to help them hone specific skills in line with those interests even more.",Yes,No,Yes,Yes,Some,Yes,,,
2024/10/02 10:48:47 AM GMT+3,29-35,Female,Bachelor’s degree,Employed,Post graduate diploma in Dance,Management and performing art,Yes,Career guidance counselor,"Creative thinking, great human and resource managerial skills, computer skills, interpersonal skills, leadership skills, marketing skills, listening and writing skills, story telling, research skills...",Job search;Further education;Skill development,Lack of information;Financial constraints,Internet;Teachers,One-on-one counseling,Very comfortable,Dissatisfied,Very important,Personalized recommendations;Skill assessment;Job matching;Resource library,Data privacy,Very likely,Available easy access to vast information on career guidance on different platforms. ,Yes,Maybe,Yes,No,Some,Yes,,,
2024/10/02 11:04:52 AM GMT+3,23-28,Female,Bachelor’s degree,Student,Law,Law,No,Career guidance counselor,Reading,Job search;Further education;Skill development,Financial constraints;Limited opportunities,Internet,Workshops,Very comfortable,Dissatisfied,Very important,Resource library,Accuracy,Very likely,Wider library,Yes,Yes,Maybe,No,Some,Yes,,,
2024/10/02 11:05:30 AM GMT+3,18-22,Male,UACE certificate,Student,Economics ,,Maybe,School,Speaking ,Skill development,Financial constraints,Internet,One-on-one counseling,Somewhat comfortable,Neutral,Important,Personalized recommendations,Accuracy,Likely,,Maybe,Yes,Maybe,No,Some,Yes,,,
2024/10/02 11:08:05 AM GMT+3,23-28,Female,Bachelor’s degree,Employed,,Events Planning ,Yes,School,Social skills ,Skill development,Financial constraints,Internet,Workshops,Very comfortable,Neutral,Very important,Skill assessment,Data privacy,Neutral,,Yes,Maybe,Yes,No,Some,Yes,,,
2024/10/02 11:09:59 AM GMT+3,18-22,Male,UACE certificate,Student,Medicine ,Medicine ,No,,Public relations ,Job search,Lack of information,Internet,One-on-one counseling,Very comfortable,Very satisfied,Very important,Personalized recommendations,Data privacy,Very likely,,Yes,Yes,Yes,Yes,None,No,,,
2024/10/02 11:16:28 AM GMT+3,23-28,Female,Bachelor’s degree,Unemployed,Journalism and communication ,I don’t know ,Yes,School,Communication skills ,Choosing a career;Job search;Further education,Lack of information;Financial constraints;Limited opportunities,Internet,One-on-one counseling,Somewhat comfortable,Neutral,Important,Personalized recommendations;Job matching;Resource library,Data privacy,Very likely,,Yes,Yes,Yes,No,None,Yes,,,
2024/10/02 11:16:53 AM GMT+3,23-28,Female,Bachelor’s degree,Unemployed,,,Yes,School,Understanding ,Choosing a career;Skill development,Lack of information,Internet,Online tools,Very comfortable,Neutral,Very important,Personalized recommendations;Skill assessment;Resource library,Data privacy,Likely,,Yes,Yes,Maybe,Yes,None,Yes,,,
2024/10/02 11:17:53 AM GMT+3,23-28,Male,Bachelor’s degree,Employed,,,Yes,Family,Creativity,Skill development,Financial constraints,Internet,One-on-one counseling,Somewhat comfortable,Satisfied,Important,Skill assessment,Data privacy;Access,Likely,,Yes,Yes,Yes,Not sure,Some,Yes,,,
2024/10/02 11:17:59 AM GMT+3,18-22,Female,UACE certificate,Student,Degree of law,Law,No,,Hardwork,Choosing a career,Financial constraints,Internet,One-on-one counseling,Somewhat comfortable,Very dissatisfied,Very important,Personalized recommendations,Accuracy,Not likely,,Yes,Yes,Maybe,No,Some,Sometimes,,,
2024/10/02 11:19:13 AM GMT+3,23-28,Female,Bachelor’s degree,Unemployed,,microbiology,Maybe,School,knowing your strengths and weaknesses ,Further education;Skill development,Lack of information;Limited opportunities,Family,One-on-one counseling,Somewhat comfortable,Neutral,Very important,Skill assessment,Data privacy;Accuracy,Neutral,,Maybe,Yes,No,Yes,Some,Yes,,,
2024/10/02 11:30:40 AM GMT+3,29-35,Female,Bachelor’s degree,Employed,,,Yes,School,public speaking and creativity ,Skill development,Lack of information,Internet,One-on-one counseling,Somewhat comfortable,Neutral,Very important,Skill assessment,Data privacy;Accuracy,Likely,,Yes,No,Yes,No,None,Yes,,,
2024/10/02 11:57:30 AM GMT+3,23-28,Female,UACE certificate,Student,Software engineering ,Developer ,No,,Problem solving ,Job search,Limited opportunities,Internet,Online tools,Very comfortable,Neutral,Important,Personalized recommendations,Data privacy,Likely,,Maybe,Yes,Maybe,Yes,A lot,Yes,,,
2024/10/02 12:08:01 PM GMT+3,23-28,Male,Bachelor’s degree,Employed,,,Yes,School,Analytical skills ,Choosing a career,Financial constraints,Internet,One-on-one counseling,Very comfortable,Very satisfied,Very important,Personalized recommendations;Skill assessment;Resource library,Data privacy;Accuracy,Likely,Having information about what is entailed in the careers from practicing professionals ,Yes,Yes,Maybe,Yes,None,Yes,,,
2024/10/02 12:16:57 PM GMT+3,23-28,Female,Bachelor’s degree,Unemployed,Accounting,Accounting,Yes,Family,"Acca, cpa, mba ",Choosing a career;Job search,Limited opportunities,Family;Internet,Online tools,Very comfortable,Neutral,Important,Personalized recommendations;Skill assessment;Job matching;Resource library;Employers!!,Data privacy;Accuracy,Very likely,We need jobs!! We need money!!! Twaggala ssente!!!,Yes,Yes,Yes,No,Some,Yes,,,
2024/10/02 12:21:07 PM GMT+3,23-28,Male,UACE certificate,Student,Civil engineering ,A career in civil engineering ,Yes,Online,Problem solving skills and innovation,Job search;Further education,Lack of information;Financial constraints,Family;Internet;Teachers,Workshops,Very comfortable,Dissatisfied,Very important,Personalized recommendations;Skill assessment;Job matching,Data privacy;Accuracy,Very likely,Make them accessible earlier to the population,Yes,Yes,Yes,No,A lot,Yes,,,
2024/10/02 12:31:29 PM GMT+3,18-22,Female,Bachelor’s degree,Student,Economics ,Economist,Yes,School,"IT, analytical and critical thinking ",Choosing a career;Further education,Limited opportunities,Internet,One-on-one counseling,Very comfortable,Dissatisfied,Very important,Skill assessment,Accuracy,Very likely,They should start earlier before one messes up ,Yes,Yes,Maybe,Not sure,Some,Yes,,,
2024/10/02 12:40:57 PM GMT+3,23-28,Male,Bachelor’s degree,Employed,,Design in Engineering ,Yes,School,Design and Engineering ,Further education;Skill development,Lack of information;Financial constraints;Limited opportunities,Internet,One-on-one counseling,Very comfortable,Neutral,Very important,Personalized recommendations;Skill assessment;Job matching;Resource library,Data privacy;Accuracy;Access,Likely,,Yes,No,Yes,No,Some,Yes,,,
2024/10/02 12:46:57 PM GMT+3,23-28,Female,Bachelor’s degree,Student,Law,ADR Litigator,Yes,School,Networking skills and a reading culture,Job search;Further education;Skill development,Lack of information,Internet,One-on-one counseling,Very comfortable,Neutral,Very important,Personalized recommendations;Skill assessment;Job matching,Access,Very likely,,Yes,Yes,Yes,No,None,Yes,,,
2024/10/02 12:53:52 PM GMT+3,29-35,Female,Master’s degree,Employed,,Psychology ,Yes,Family,"People/Interpersonal Skills, Communication Skills, Counseling Skills ",Skill development,Financial constraints,Internet,One-on-one counseling,Somewhat comfortable,Satisfied,Very important,Resource library,Accuracy,Neutral,It should be offered at an age not when people are about to join University ,Maybe,Yes,Yes,No,Some,Yes,,,
2024/10/02 2:06:34 PM GMT+3,18-22,Male,Bachelor’s degree,Student,Stockd,Finance,Maybe,Career guidance counselor,Data Science,Skill development,Financial constraints,Internet,Online tools,Not comfortable,Neutral,Important,Skill assessment;Job matching;Resource library,Data privacy;Accuracy,Neutral,More advertisement,No,No,Maybe,Not sure,Some,Yes,,,
2024/10/02 2:14:37 PM GMT+3,18-22,Male,UACE certificate,Student,Medicine ,Surgery ,Maybe,School,Persistence ,Choosing a career,Lack of information,Internet,One-on-one counseling,Somewhat comfortable,Dissatisfied,Very important,Personalized recommendations,Accuracy,Likely,,Yes,Yes,Yes,No,Some,Yes,,,
2024/10/02 2:43:27 PM GMT+3,23-28,Female,Bachelor’s degree,Employed,,,Yes,School,People management skills,Skill development,Limited opportunities,Internet,Workshops,Somewhat comfortable,Neutral,Very important,Job matching,Data privacy,Neutral,,Yes,No,Yes,No,A lot,Yes,,,
2024/10/02 5:02:39 PM GMT+3,23-28,Female,Bachelor’s degree,Employed,Public Health,A career in Public Health Nutrition,Yes,Online,"Team work, Research skills, Program Evaluation skills",Job search;Skill development,Lack of information,Internet;Teachers,Workshops,Very comfortable,Satisfied,Very important,Personalized recommendations;Skill assessment;Job matching,Data privacy,Likely,"Matching professionals in the field with job seekers, so they can learn from each other",Yes,Yes,No,Yes,None,Yes,,,
2024/10/02 5:34:56 PM GMT+3,23-28,Male,UACE certificate,Student,software,cloud engineer,Yes,Online,computer related skills,Skill development,Financial constraints,Internet,Online tools,Very comfortable,Neutral,Neutral,Personalized recommendations;Job matching,Data privacy,Likely,,No,Yes,Yes,No,None,Yes,,,
2024/10/02 6:01:30 PM GMT+3,23-28,Female,Bachelor’s degree,Employed,,Fashion and design alongside psychologist ,Yes,School,Communication empowerment and leadership skills ,Skill development,Limited opportunities;Not having connecrions everywhere d is a problem in this country ,Family;Internet,Online tools,Somewhat comfortable,Neutral,Important,Skill assessment;Job matching;Resource library,Data privacy,Neutral,I think be truthful because most people end up doing totally different jobs or careers than they would have hoped or studied to do because it's what they can actually get,Yes,Yes,Yes,Yes,Some,Yes,,,
2024/10/02 6:26:42 PM GMT+3,18-22,Female,Bachelor’s degree,Student,Software engineering,Desire on to know of the current trends,Maybe,School,Programing skills,Skill development,Financial constraints,Internet,Workshops,Very comfortable,Neutral,Very important,Skill assessment,Data privacy,Neutral,Research,Yes,Yes,Maybe,No,A lot,Yes,,,
2024/10/02 6:31:45 PM GMT+3,23-28,Male,UACE certificate,Student,Bachelor of Science in psychology ,Medical doctor ,Yes,School,Interpersonal communication ,Choosing a career;Further education,Financial constraints,Internet,Workshops,Very comfortable,Neutral,Very important,Personalized recommendations;Skill assessment,Accuracy,Likely,Provide information about both old and new generation careers. Some careers are dying out and new ones are being created.,Yes,No,Yes,No,Some,Yes,,,
2024/10/02 6:35:32 PM GMT+3,18-22,Male,UACE certificate,Student,Career guidance actually ,It technician I guess ,Yes,School,Communication skills ,Choosing a career;Job search;Further education;Skill development,Lack of information;Limited opportunities,Family;Teachers;Career counselors,Workshops,Somewhat comfortable,Satisfied,Very important,Personalized recommendations;Skill assessment;Job matching;Resource library,Accuracy,Likely,Introduce career guidance platforms in schools ,Yes,Maybe,No,Not sure,Some,Yes,,,
2024/10/02 7:51:51 PM GMT+3,18-22,Male,Bachelor’s degree,Student,Economics and statistics ,Analyst,Yes,School,Data analysis ,Further education;Skill development,Lack of information,Family;Internet,Online tools,Very comfortable,Satisfied,Very important,Personalized recommendations;Skill assessment;Job matching;Resource library,Data privacy,Very likely,,Yes,Yes,Maybe,Not sure,Some,Yes,,,
2024/10/02 8:43:18 PM GMT+3,36+,Male,Bachelor’s degree,Employed,,,Yes,Family,"Critical thinking , cinematography, photography, interpersonal and negotiation.",Skill development,Financial constraints,Internet,One-on-one counseling,Somewhat comfortable,Satisfied,Very important,Skill assessment;Resource library,Data privacy,Likely,More research and family oriented guidance would be helpful.,Yes,Yes,Yes,Not sure,Some,Yes,,,
2024/10/02 9:10:56 PM GMT+3,23-28,Male,UACE certificate,Student,Bachelor of Laws,I aspire to become a lawyer,Yes,Career guidance counselor,"Drafting documents, research skills, trial advocacy and soft skills ",Further education,Limited opportunities,Career counselors,One-on-one counseling,Somewhat comfortable,Neutral,Very important,Skill assessment;Job matching,Data privacy,Likely,None whatsoever,Yes,Yes,Yes,Yes,Some,Yes,,,
2024/10/02 9:34:45 PM GMT+3,18-22,Female,UACE certificate,Student,Bachelor of Arts in economics ,Something to do with the economics field ,Maybe,,Soft skills ,Job search,Lack of information,Internet,Workshops,Somewhat comfortable,Neutral,Important,Skill assessment,Access,Likely,Improve technology ,No,No,Maybe,No,A lot,Yes,,,
2024/10/02 10:17:21 PM GMT+3,23-28,Female,Bachelor’s degree,Employed,,,Yes,School,Computer ,Choosing a career;Skill development,Lack of information,Family;Internet,One-on-one counseling,Not comfortable,Neutral,Very important,Resource library,Accuracy,Not likely,People should be honest about the career paths and what exactly happens there ,Yes,Yes,Yes,No,A lot,Yes,,,
2024/10/02 11:50:56 PM GMT+3,23-28,Female,UACE certificate,Employed,,Music ,Yes,School,Creativity,Skill development,Financial constraints,Internet,Workshops,Somewhat comfortable,Neutral,Neutral,Resource library,Accuracy,Not likely,,Yes,No,Yes,No,Some,Yes,,,
2024/10/03 12:27:13 AM GMT+3,23-28,Male,Bachelor’s degree,Employed,,,No,,Content Creation,Skill development,Financial constraints,Internet,One-on-one counseling,Very comfortable,Dissatisfied,Very important,Skill assessment,Accuracy,Very likely,We need to encourage people to profoundly improve their skill set.,Yes,Yes,Yes,No,A lot,Yes,,,
2024/10/03 1:50:15 AM GMT+3,18-22,Female,Bachelor’s degree,Unemployed,,,Yes,School,"Communication 
Writing 
Research based skills generally ",Choosing a career;Further education,Financial constraints,Internet;Career counselors,One-on-one counseling,Not comfortable,Neutral,Very important,Personalized recommendations;Skill assessment;Job matching,Data privacy;Accuracy,Likely,,Yes,Yes,Maybe,Yes,Some,Yes,,,
2024/10/03 7:29:46 AM GMT+3,23-28,Male,Bachelor’s degree,Unemployed,,Professional software engineer ,Yes,Family,"Coding skills, problem solving, adapting skills",Further education;Skill development,Lack of information;Financial constraints;Limited opportunities,Family;Internet;Teachers,Online tools,Somewhat comfortable,Neutral,Important,Skill assessment;Job matching;Resource library,Accuracy;Access,Likely,To have a general and open platform to allow someone to literally understand the depth of their career.,Maybe,Yes,Yes,No,Some,Yes,,,
2024/10/03 7:37:04 AM GMT+3,29-35,Male,Bachelor’s degree,Employed,Filming,Film Making ,Yes,School,Planning ,Skill development,Work-life balance is still a challenge to master ,Internet,One-on-one counseling,Somewhat comfortable,Very satisfied,Very important,Skill assessment,Data privacy,Neutral,I'd suggest parents/guardians are informed on career guidance because their voice on the same is weightier as compared to people outside family/parents/guardians  circles. ,Yes,No,Yes,Yes,None,Yes,,,
2024/10/03 9:29:41 AM GMT+3,23-28,Female,UACE certificate,Employed,Year 3 ,Human resource management ,Yes,School,Hands on work ,Choosing a career;Job search;Skill development,Lack of information;Financial constraints,Internet,One-on-one counseling,Very comfortable,Very satisfied,Very important,Personalized recommendations;Skill assessment;Job matching,Data privacy;Accuracy;Access,Very likely,None ,Yes,No,Maybe,Not sure,None,Yes,,,
2024/10/03 11:28:32 AM GMT+3,23-28,Male,Bachelor’s degree,Employed,Accounting ,Accounting ,Yes,School,Analytical ,Choosing a career,Lack of information,Internet,One-on-one counseling,Very comfortable,Satisfied,Very important,Personalized recommendations;Skill assessment;Job matching,Accuracy,Very likely,Career guidance should be emphasized in schools.,Yes,Yes,Yes,Not sure,None,Yes,,,
2024/10/03 1:00:42 PM GMT+3,18-22,Female,Bachelor’s degree,Student,Bachelor's degree of science in Software Engineering ,Software Engineering and project management.,Yes,Online,Software development ,Choosing a career;Job search;Further education;Skill development,Lack of information;Financial constraints;Limited opportunities,Internet;Career counselors,Online tools,Very comfortable,Neutral,Very important,Personalized recommendations;Skill assessment;Job matching;Resource library,Data privacy;Accuracy;Access,Very likely,Connecting people to jobs based on their experience.,Yes,Maybe,Yes,Not sure,Some,Yes,,,
2024/10/03 5:44:52 PM GMT+3,18-22,Female,UACE certificate,Student,Civil Engineering,Energy engineering,Maybe,Online,"CAD 
Data analysis",Further education;Skill development,Lack of information;Financial constraints,Internet,Workshops,Somewhat comfortable,Neutral,Important,Personalized recommendations;Skill assessment;Resource library,Accuracy,Likely,Start guidance as ealry as senior three befcause that's where major choices paving the career path begin.,Yes,Maybe,No,No,A lot,Yes,,,
2024/10/05 4:05:58 PM GMT+3,18-22,Female,Bachelor’s degree,Employed,Computer science ,Cyber security and artificial intelligence ,Yes,School,Coding ,Further education;Skill development,Financial constraints;Limited opportunities,Family;Internet,Online tools,Very comfortable,Very satisfied,Very important,Personalized recommendations;Skill assessment;Job matching,Data privacy;Access,Very likely,Make them accessible to schools,Yes,Yes,Yes,Yes,Some,Yes,,,
2024/10/06 5:21:28 PM GMT+3,23-28,Female,Master’s degree,Employed,MONITORING AND EVALUATION,DATA ANALITICS,Yes,Family,Computer skills,Skill development,Limited opportunities,Family,One-on-one counseling,Somewhat comfortable,Neutral,Very important,Skill assessment,Accuracy,Likely,Mentorship,Yes,Yes,Yes,No,Some,Yes,,,
2024/10/07 11:28:46 AM GMT+3,23-28,Female,Bachelor’s degree,Student,Bachelor of Science in Comouter engineering ,Aerospace engineering ,Yes,Career guidance counselor,"Mechanics, Computer skills, aeronautics",Choosing a career,Financial constraints;Limited opportunities,Internet,One-on-one counseling,Somewhat comfortable,Satisfied,Very important,Personalized recommendations,Data privacy,Likely,Create a curriculum that suites the needs of Ugandans,Yes,Yes,Maybe,Not sure,Some,Yes,,,
2024/10/07 12:04:22 PM GMT+3,18-22,Female,Bachelor’s degree,Unemployed,Accounting,Financial Analyst,Yes,Online,"Technical skills,data analysis,excel proficiency",Job search;Skill development,Limited opportunities,Internet,Workshops,Somewhat comfortable,Dissatisfied,Very important,Job matching,Data privacy,Very likely,,Yes,Yes,No,No,Some,Yes,,,
2024/10/08 1:21:47 PM GMT+3,29-35,Male,Bachelor’s degree,Student,"Economics, Organizational Leadership","Organizational Management, Business Leadership",Yes,School,"Interpersonal skills, Computer skills, Teamwork, Adaptability, Leadership ",Skill development,Financial constraints,Internet;Teachers,Workshops,Very comfortable,Satisfied,Very important,Personalized recommendations;Skill assessment,Data privacy,Very likely,Extension of internet career guidance would allow more to access the knowledge they need online ,Yes,Yes,Yes,No,Some,Yes,,,
2024/10/12 9:37:23 AM GMT+3,36+,Male,Bachelor’s degree,Employed,,,Yes,School,Financial Reporting skills ,Skill development,Financial constraints,Internet,Online tools,Very comfortable,Satisfied,Important,Skill assessment,Data privacy,Likely,,Yes,Yes,Yes,No,A lot,Yes,,,
2024/10/12 9:41:11 AM GMT+3,23-28,Female,Bachelor’s degree,Employed,,,Yes,Family,Interpersonal skills,Further education,Lack of information,Internet,Workshops,Not comfortable,Neutral,Very important,Personalized recommendations;Skill assessment;Resource library,Data privacy,Very likely,,Yes,No,Yes,Yes,Some,Yes,,,
2024/10/12 9:52:31 AM GMT+3,36+,Male,Master’s degree,Employed,Executive masters-Finance & Entrepreneurship,,No,Family,"Communication,",Job search;Further education;Skill development,Lack of information;Limited opportunities,Internet,Workshops,Very comfortable,Neutral,Very important,Personalized recommendations;Skill assessment;Job matching,Data privacy,Very likely,Integrate career guidance at an early stage of Rducation.,Yes,No,Yes,Yes,Some,Yes,,,
2024/10/14 8:26:31 PM GMT+3,18-22,Prefer not to say,UACE certificate,Student,Software,Engineering,Yes,School,programming,Job search,Financial constraints,Internet;Teachers,Workshops,Somewhat comfortable,Satisfied,Important,Job matching,Accuracy;Access,Likely,train more councelors,Yes,Yes,Yes,No,None,Yes,,,
2024/10/15 1:59:06 PM GMT+3,18-22,Female,Bachelor’s degree,Student,Software Engineering,Data Scientist,Yes,Family,Technical,Skill development,Limited opportunities,Internet,Online tools,Very comfortable,Neutral,Very important,Personalized recommendations;Skill assessment;Job matching,Accuracy,Very likely,Use more of IT tools to broaden the spread of career guidance information,Maybe,Yes,Maybe,No,Some,Yes,,,
2024/10/15 4:07:50 PM GMT+3,18-22,Male,Bachelor’s degree,Student,Computer engineering,Data analyst,Maybe,Family,Computational skills,Skill development,Limited opportunities,Internet;Teachers,Online tools,Very comfortable,Satisfied,Important,Personalized recommendations;Skill assessment;Job matching,Data privacy;Accuracy,Neutral,Improved resources to be allocated,Maybe,No,No,Yes,Some,Yes,,,
2024/10/15 7:33:18 PM GMT+3,23-28,Female,Bachelor’s degree,Student,Architecture ,Architecture ,Yes,School,Creativity ,Skill development,Financial constraints,Internet,One-on-one counseling,Very comfortable,Neutral,Very important,Personalized recommendations,Accuracy,Very likely,Organizing workshops and educating people about the importance of career guidance ,Yes,Yes,Yes,No,Some,Yes,,,
2024/10/16 9:54:47 AM GMT+3,18-22,Male,UACE certificate,Student,Law,Legal career ,Yes,School,Networking skills,Further education,Lack of information,Internet,Workshops,Very comfortable,Dissatisfied,Very important,Personalized recommendations,Accuracy,Very likely,.,Yes,Yes,Yes,No,None,Yes,,,
2024/10/16 10:49:58 AM GMT+3,18-22,Female,Bachelor’s degree,Student,Computer science ,Software developer ,Yes,School,"Programming skills, database, communication skills",Job search;Skill development,Lack of enough time to develop my careers ,Career counselors,One-on-one counseling,Somewhat comfortable,Neutral,Very important,Personalized recommendations;Skill assessment;Job matching,Data privacy,Neutral,Providing career paths system. ,Yes,Yes,Yes,Not sure,None,Yes,,,
2024/10/23 6:42:34 PM GMT+3,23-28,Female,Bachelor’s degree,Employed,,A chef,Yes,Family,Integrity and faithfulness with work ,Skill development,Financial constraints,Internet,Workshops,Very comfortable,Satisfied,Very important,Resource library,Access,Very likely,That they should be more practical ,Yes,Maybe,Yes,No,A lot,Yes,,,
2024/10/23 7:12:47 PM GMT+3,18-22,Female,Bachelor’s degree,Employed,Information technology ,IT career,Yes,School,Being good with a computer ,Job search,Limited opportunities,Internet,Workshops,Very comfortable,Neutral,Neutral,Skill assessment,Accuracy,Neutral,,Maybe,Yes,Maybe,Not sure,A lot,Yes,,,
